,no-people,people
0,22.148,17.19
1,21.426,17.784
2,18.596,19.963
3,21.087,20.921
4,21.643,20.247
5,20.116,18.866
6,19.248,16.096
7,21.305,18.969
8,18.821,18.148
9,18.637,20.501
10,21.007,18.362
11,18.255,20.173
12,18.054,17.406
13,20.206,18.387
14,18.435,21.269
15,22.252,18.925
16,20.63,18.101
17,18.248,18.844
18,19.902,18.43
19,21.82,17.928
20,20.306,19.604
21,20.483,18.468
22,18.057,20.321
23,21.431,18.754
24,21.402,18.454
25,19.128,17.102
26,20.28,18.046
27,20.605,14.673
28,18.648,18.206
29,19.015,16.734
30,21.532,17.442
31,20.615,14.072
32,17.226,20.852
33,17.174,16.66
34,19.608,18.389
35,20.466,19.159
36,18.685,17.8
37,20.595,20.985
38,21.384,19.39
39,19.248,18.859
40,20.574,18.188
41,19.503,20.756
42,19.979,18.518
43,20.607,17.969
44,22.07,20.207
45,20.861,18.137
46,19.549,20.919
47,22.204,18.261
48,19.392,19.733
49,18.92,18.422
50,20.778,20.985
51,21.306,18.023
52,17.331,18.999
53,18.532,19.009
54,17.652,20.856
55,16.353,20.836
56,21.709,20.198
57,19.644,18.508
58,19.123,15.883
59,17.21,18.226
60,21.313,20.237
61,20.593,21.195
62,16.125,21.229
63,17.747,15.676
64,15.645,17.668
65,20.742,17.822
66,19.165,21.319
67,17.864,17.41
68,18.723,16.268
69,19.506,17.53
70,21.777,17.856
71,20.227,19.074
72,16.894,19.558
73,18.133,17.866
74,18.306,18.648
75,19.746,19.905
76,18.125,20.818
77,17.729,19.678
78,19.944,17.027
79,18.776,19.709
80,14.924,16.537
81,20.001,17.589
82,19.61,20.746
83,19.574,19.264
84,18.341,17.234
85,16.828,20.174
86,18.316,19.458
87,18.914,18.583
88,18.362,19.209
89,19.148,18.676
90,20.528,19.455
91,19.716,18.205
92,18.898,19.878
93,21.865,18.564
94,18.99,19.203
95,18.68,20.203
96,20.04,21.132
97,19.348,20.008
98,19.776,20.221
99,19.061,17.173
100,17.954,17.23
101,20.05,18.876
102,16.69,22.742
103,19.021,21.829
104,17.904,17.772
105,19.677,18.483
106,19.88,21.525
107,17.98,18.486
108,18.801,16.934
109,19.925,18.672
110,17.065,17.256
111,19.92,19.081
112,20.104,19.925
113,19.068,21.329
114,20.105,21.289
115,20.078,21.99
116,20.095,17.33
117,17.065,19.846
118,19.041,19.322
119,18.404,19.69
120,19.707,20.485
121,19.097,16.611
122,19.801,21.434
123,18.366,21.319
124,16.196,21.33
125,18.05,20.296
126,19.79,21.637
127,21.025,16.987
128,20.214,20.009
129,19.482,20.552
130,18.498,20.92
131,19.448,21.211
132,17.161,21.362
133,18.636,21.852
134,20.014,22.179
135,19.873,17.785
136,16.643,20.563
137,18.248,21.762
138,19.745,19.508
139,17.466,20.205
140,16.501,17.64
141,19.189,18.536
142,20.293,20.947
143,19.711,18.068
144,17.348,19.124
145,18.749,20.881
146,19.701,19.127
147,17.95,19.254
148,19.839,21.551
149,18.769,19.568
150,20.381,19.237
151,18.881,19.005
152,19.334,17.674
153,18.236,20.208
154,16.788,20.828
155,17.654,19.735
156,21.339,18.123
157,18.805,18.731
158,17.64,17.235
159,19.221,18.901
160,17.864,17.435
161,16.337,18.856
162,20.286,18.876
163,21.792,20.291
164,17.896,17.423
165,20.233,17.349
166,21.406,17.185
167,17.814,19.265
168,16.337,18.586
169,17.317,15.915
170,17.181,17.538
171,18.204,18.874
172,16.983,20.202
173,18.251,18.524
174,19.931,18.861
175,19.897,19.269
176,18.811,19.047
177,19.966,19.645
178,19.129,20.728
179,17.312,19.825
180,22.454,18.386
181,18.294,21.61
182,19.636,18.906
183,21.758,18.734
184,17.975,21.351
185,19.59,18.284
186,18.859,19.753
187,17.994,19.925
188,18.173,18.419
189,19.477,21.097
190,19.409,19.165
191,20.599,18.066
192,19.571,20.267
193,20.553,19.315
194,19.525,19.715
195,21.504,16.847
196,20.469,18.589
197,17.162,16.514
198,22.175,18.225
199,21.165,15.921
200,19.745,18.434
201,16.737,17.19
202,18.735,19.469
203,18.119,18.697
204,17.014,19.341
205,19.985,18.572
206,19.467,19.166
207,19.206,18.854
208,21.382,19.548
209,18.785,16.94
210,21.564,16.821
211,19.12,16.426
212,18.509,16.994
213,20.597,18.407
214,21.975,15.839
215,19.795,21.921
216,17.049,16.549
217,18.614,19.473
218,19.503,20.877
219,18.408,17.915
220,20.892,16.839
221,17.457,18.51
222,19.524,18.779
223,21.213,17.396
224,18.976,17.646
225,18.657,16.823
226,19.406,20.152
227,20.29,16.559
228,17.088,18.917
229,17.07,16.619
230,18.55,18.679
231,20.924,19.063
232,19.221,20.299
233,18.359,20.345
234,19.389,18.328
235,21.623,20.56
236,19.317,19.504
237,19.142,17.356
238,19.103,16.179
239,20.52,18.733
240,19.806,18.846
241,19.844,20.511
242,17.39,16.759
243,20.585,18.456
244,20.257,19.368
245,20.452,17.182
246,17.266,20.461
247,17.671,18.812
248,18.577,18.826
249,19.896,19.886
250,17.245,19.527
251,19.099,18.256
252,19.69,18.231
253,20.184,20.032
254,21.742,16.971
255,22.46,16.346
256,21.378,18.65
257,18.979,18.299
258,19.992,16.818
259,17.84,18.361
260,20.052,18.218
261,17.835,19.87
262,18.791,19.319
263,19.809,20.574
264,17.027,19.18
265,21.034,19.138
266,19.323,20.371
267,21.656,19.09
268,17.767,20.752
269,20.394,22.56
270,16.512,19.899
271,18.568,20.285
272,19.027,19.284
273,20.755,20.041
274,19.95,15.267
275,19.321,17.504
276,21.698,16.883
277,19.758,18.89
278,18.555,18.362
279,16.754,18.835
280,16.837,19.451
281,21.879,20.676
282,21.968,18.481
283,17.507,19.988
284,18.551,19.166
285,19.552,16.773
286,18.696,20.274
287,20.646,20.525
288,19.341,21.533
289,18.681,18.027
290,20.102,19.256
291,19.731,19.296
292,21.094,20.037
293,21.703,18.998
294,17.601,18.929
295,18.943,19.202
296,21.353,18.447
297,22.469,17.996
298,19.624,19.572
299,17.045,18.192
300,20.23,19.939
301,20.443,18.308
302,22.685,17.953
303,19.019,20.092
304,18.174,16.915
305,20.652,17.673
306,18.507,17.655
307,20.924,20.698
308,19.799,18.704
309,19.427,14.381
310,18.374,18.209
311,19.085,20.338
312,18.162,21.214
313,16.656,20.459
314,21.466,18.803
315,18.033,18.984
316,20.078,18.127
317,19.806,19.057
318,17.922,21.934
319,21.04,21.735
320,17.854,21.643
321,20.986,19.621
322,19.285,21.929
323,21.004,19.177
324,19.102,19.13
325,19.774,20.707
326,19.346,18.822
327,19.084,20.308
328,21.135,22.593
329,21.921,21.452
330,19.333,18.635
331,18.882,20.747
332,19.421,20.888
333,18.426,20.998
334,21.126,17.946
335,18.43,20.529
336,17.859,20.817
337,21.175,21.519
338,17.423,22.693
339,18.638,22.603
340,19.567,18.942
341,19.575,19.81
342,19.736,18.896
343,20.996,19.006
344,19.599,22.101
345,17.834,19.241
346,18.608,18.212
347,19.492,19.654
348,19.186,21.903
349,22.152,21.728
350,18.416,22.527
351,18.901,21.823
352,20.957,20.13
353,19.553,22.234
354,18.842,22.368
355,19.732,22.446
356,19.227,19.185
357,18.293,19.06
358,19.853,21.463
359,20.236,18.636
360,17.879,21.13
361,20.331,20.488
362,20.467,17.401
363,20.709,19.591
364,19.608,19.75
365,17.362,20.044
366,20.566,19.755
367,18.917,18.908
368,18.446,19.405
369,17.921,17.232
370,17.433,20.456
371,19.391,19.348
372,18.483,20.975
373,17.016,17.807
374,17.815,18.249
375,22.022,19.37
376,17.63,19.899
377,19.492,19.003
378,17.608,19.187
379,17.995,16.709
380,20.967,18.216
381,16.825,18.663
382,17.864,19.811
383,18.491,18.853
384,19.698,17.866
385,16.977,17.304
386,21.002,17.488
387,16.622,17.894
388,17.123,17.607
389,17.914,19.57
390,22.195,21.967
391,19.802,17.991
392,18.644,19.159
393,19.733,19.89
394,19.27,19.298
395,17.299,18.164
396,19.425,19.514
397,19.246,17.173
398,22.371,16.592
399,17.892,19.382
400,18.466,19.659
401,19.869,18.818
402,18.508,17.886
403,19.688,20.099
404,20.543,18.628
405,17.755,19.221
406,18.327,18.413
407,20.357,15.363
408,19.659,15.679
409,18.444,18.218
410,19.562,18.092
411,20.583,16.952
412,19.385,14.809
413,19.047,15.561
414,18.729,15.696
415,19.268,19.1
416,17.553,18.363
417,19.422,18.238
418,21.79,16.664
419,15.119,17.637
420,19.727,15.787
421,20.166,18.7
422,21.225,20.787
423,19.052,20.384
424,19.7,18.321
425,19.414,19.402
426,19.621,16.565
427,18.757,19.491
428,17.147,20.261
429,18.613,19.636
430,18.296,20.036
431,19.409,18.881
432,18.249,17.854
433,18.721,21.643
434,20.09,17.894
435,21.118,19.891
436,18.692,18.643
437,19.391,20.735
438,18.327,19.282
439,16.905,19.434
440,19.246,20.135
441,16.234,21.082
442,18.46,17.568
443,21.863,18.299
444,16.768,18.169
445,18.557,21.624
446,18.323,17.311
447,18.682,17.837
448,18.299,18.322
449,17.539,18.603
450,18.541,18.875
451,16.616,15.327
452,18.144,16.527
453,19.517,16.513
454,18.244,16.432
455,19.061,20.483
456,18.891,18.669
457,18.445,17.101
458,20.291,17.169
459,19.469,17.774
460,22.669,20.397
461,19.568,17.203
462,20.249,20.114
463,18.006,17.585
464,19.581,20.617
465,22.513,19.113
466,19.872,19.126
467,18.167,21.036
468,16.554,20.987
469,21.382,17.423
470,16.921,18.672
471,18.676,16.795
472,20.786,16.162
473,17.039,18.936
474,19.722,19.149
475,22.072,17.52
476,18.995,18.648
477,18.52,18.412
478,19.084,18.256
479,22.079,14.257
480,19.753,16.251
481,21.663,17.337
482,19.433,17.757
483,19.663,19.281
484,16.571,18.238
485,16.996,18.5
486,19.22,18.674
487,19.789,17.011
488,19.405,17.323
489,19.102,18.549
490,16.532,20.492
491,20.987,20.365
492,17.025,21.835
493,21.004,19.864
494,19.134,20.591
495,17.582,18.145
496,21.62,18.797
497,18.45,20.535
498,20.52,20.486
499,18.108,21.199
500,19.464,20.032
501,18.935,21.882
502,18.041,19.025
503,19.995,18.11
504,18.501,17.328
505,19.046,17.606
506,20.384,19.477
507,19.697,16.808
508,18.312,16.272
509,20.818,18.806
510,19.935,20.532
511,19.923,20.559
512,19.837,19.208
513,21.915,18.049
514,21.701,18.133
515,19.363,15.613
516,17.599,19.013
517,20.33,16.128
518,20.112,19.039
519,19.858,17.616
520,18.882,16.001
521,20.041,20.41
522,21.507,19.597
523,18.524,16.628
524,19.402,18.279
525,20.844,20.537
526,18.519,19.375
527,19.045,20.032
528,18.672,21.152
529,21.255,18.577
530,20.587,17.945
531,18.48,17.77
532,19.406,20.612
533,19.013,18.463
534,21.072,18.933
535,21.316,17.735
536,16.95,19.104
537,20.947,18.189
538,20.427,18.46
539,19.33,17.094
540,20.487,16.332
541,22.126,18.097
542,22.216,18.479
543,20.524,15.387
544,18.962,18
545,21.364,19.811
546,19.543,19.644
547,20.502,20.411
548,18.605,19.229
549,17.61,15.799
550,16.729,18.5
551,17.361,16.318
552,16.74,20.917
553,19.127,16.236
554,17.739,21.021
555,18.711,18.896
556,20.288,19.126
557,20.524,19.825
558,19.747,20.206
559,18.57,23.052
560,21.288,18.519
561,19.452,19.206
562,22.142,19.579
563,19.67,20.937
564,17.115,18.65
565,18.439,18.473
566,19.757,23.43
567,19.57,21.728
568,21.726,16.32
569,21.228,20.843
570,18.434,19.839
571,19.139,17.374
572,19.689,17.473
573,17.972,20.335
574,19.259,18.018
575,20.655,19.159
576,19.399,16.36
577,18.293,18.33
578,17.378,19.734
579,17.812,18.437
580,16.153,18.299
581,17.657,18.487
582,17.93,18.173
583,18.595,17.098
584,17.324,19.39
585,20.474,17.112
586,20.066,17.246
587,19.719,17.267
588,19.243,18.084
589,17.216,17.61
590,17.798,16.665
591,19.484,17.508
592,19.882,16.38
593,20.177,16.982
594,17.654,17.044
595,18.01,19.007
596,18.288,16.692
597,18.075,18.406
598,18.827,20.373
599,18.732,18.106
600,19.535,19.875
601,16.522,17.847
602,18.846,15.988
603,17.302,18.013
604,19.082,18.504
605,18.519,18.381
606,18.96,16.165
607,18.542,18.582
608,18.631,15.412
609,19.221,18.729
610,16.985,16.138
611,18.944,16.653
612,18.931,17.341
613,18.295,16.983
614,15.753,20.685
615,18.45,15.483
616,19.664,17.386
617,18.492,18.49
618,19.363,18.202
619,18.597,18.612
620,20.507,18.505
621,19.218,15.961
622,16.619,18.429
623,16.498,19.385
624,19.444,17.931
625,17.908,19.145
626,18.395,16.572
627,19.039,15.468
628,18.381,17.722
629,16.96,20.123
630,20.111,16.171
631,17.595,20.098
632,19.085,17.473
633,19.823,18.182
634,16.751,18.373
635,19.572,20.077
636,19.949,17.134
637,18.367,17.566
638,18.085,19.841
639,18.033,18.679
640,16.967,17.602
641,18.967,17.23
642,20.625,16.985
643,18.515,17.072
644,18.862,18.447
645,17.922,20.456
646,17.521,16.826
647,19.35,17.157
648,17.478,16.914
649,16.786,18.281
650,19.676,15.536
651,19.992,18.253
652,16.804,19.209
653,17.103,17.596
654,17.97,16.422
655,19.321,20.122
656,16.849,17.545
657,19.456,18.977
658,18.733,15.501
659,19.743,18.87
660,19.057,19.66
661,19.317,17.207
662,18.728,15.502
663,16.619,18.383
664,18.96,17.319
665,19.762,17.832
666,19.76,18.794
667,17.766,18.309
668,17.772,13.9
669,18.674,17.799
670,17.94,19.302
671,16.334,20.151
672,18.066,19.627
673,16.79,18.346
674,19.317,20.345
675,16.737,18.711
676,14.695,18.445
677,19.578,18.497
678,19.451,17.29
679,16.788,20.373
680,20.118,17.858
681,18.095,18.935
682,16.708,19.177
683,16.597,19.256
684,19.384,18.774
685,17.795,19.561
686,18.183,20.099
687,19.758,19.442
688,17.18,18.597
689,19.988,19.55
690,15.657,19.679
691,18.531,17.483
692,19.879,20.003
693,17.602,19.555
694,19.474,19.168
695,17.049,20.261
696,19.647,17.982
697,19.741,17.522
698,18.167,19.91
699,17.173,17.321
700,17.505,18.931
701,16.536,17.02
702,17.263,18.853
703,19.75,20.558
704,18.741,19.022
705,17.507,17.116
706,17.453,17.637
707,17.288,17.599
708,18.97,16.557
709,18.654,18.26
710,18.931,15.578
711,18.554,17.618
712,19.677,16.422
713,20.127,18.957
714,17.311,18.329
715,19.87,16.351
716,19.469,19.128
717,18.884,17.463
718,18.843,19.702
719,18.8,21.586
720,17.035,19.846
721,18.817,18.513
722,17.156,20.938
723,18.869,17.883
724,18.804,20.4
725,17.977,22.073
726,17.048,16.725
727,19.272,16.233
728,19.081,18.677
729,18.693,20.16
730,16.974,17.251
731,18.252,16.215
732,20.262,17.188
733,17.841,15.024
734,19.515,20.446
735,17.217,18.191
736,17.762,16.035
737,17.309,18.651
738,20.215,17.031
739,20.001,18.319
740,19.154,15.619
741,19.914,15.718
742,18.664,18.041
743,16.241,18.522
744,17.982,17.573
745,18.925,18.325
746,17.71,16.765
747,17.585,21.896
748,18.022,18.96
749,18.683,19.529
750,17.301,17.782
751,17.172,19.368
752,17.525,19.37
753,17.862,20.143
754,18.181,20.566
755,18,21.311
756,20.446,18.022
757,18.158,21.723
758,16.063,21.664
759,17.422,17.183
760,17.507,21.065
761,20.228,21.806
762,17.878,17.701
763,14.053,18.35
764,18.771,16.076
765,18.973,18.16
766,17.274,17.175
767,19.835,15.109
768,17.566,19.201
769,19.861,15.942
770,18.08,19.304
771,17.742,18.104
772,18.691,21.21
773,18.423,18.555
774,18.643,18.62
775,19.066,18.141
776,17.73,18.387
777,19.379,16.954
778,18.847,20.101
779,15.519,18.964
780,19.053,18.396
781,19.415,18.518
782,19.707,17.89
783,16.007,20.282
784,17.942,19.963
785,17.258,19.955
786,18.583,18.553
787,16.571,19.526
788,18.107,21.47
789,18.934,20.789
790,17.422,20.141
791,19.321,19.077
792,16.481,21.265
793,16.94,21.666
794,18.093,20.191
795,18.578,19.235
796,16.559,21.094
797,18.873,19.748
798,16.904,19.877
799,18.966,19.375
800,18.644,18.129
801,19.1,20.75
802,15.599,20.13
803,17.204,20.142
804,15.568,18.249
805,15.677,19.254
806,16.201,20.078
807,16.964,23.107
808,18.992,20.21
809,19.069,19.971
810,18.067,19.166
811,18.905,21.111
812,18.061,16.686
813,19.79,18.986
814,16.986,19.007
815,15.959,19.998
816,15.969,21.759
817,17.097,18.814
818,17.95,19.517
819,18.779,19.645
820,20.763,21.17
821,21.262,17.461
822,17.711,20.019
823,16.498,18.086
824,19.276,23.202
825,16.857,19.846
826,16.877,18.415
827,17.785,20.193
828,16.873,21.096
829,17.581,18.866
830,18.343,19.621
831,19.521,21.597
832,17.715,19.89
833,19.33,17.437
834,17.814,17.64
835,18.74,16.292
836,16.032,17.059
837,16.078,14.809
838,17.872,18.086
839,19.148,18.288
840,16.928,17.056
841,19.049,17.779
842,19.741,18.795
843,18.619,17.85
844,17.348,19.437
845,18.834,18.782
846,16.601,18.007
847,20.009,18.401
848,19.416,17.402
849,16.891,20.136
850,18.082,21.164
851,17.15,21.132
852,18.363,19.012
853,17.599,16.92
854,17.458,16.693
855,15.973,19.651
856,18.565,21.619
857,17.552,19.663
858,18.525,17.642
859,20.942,21.596
860,17.632,19.339
861,20.709,19.356
862,16.034,18.356
863,20.488,17.929
864,16.877,18.125
865,18.688,18.963
866,17.387,18.423
867,16.743,18.136
868,19.01,18.197
869,18.914,21.172
870,18.508,18.706
871,18.587,19.17
872,19.364,19.092
873,19.415,18.544
874,19.578,17.918
875,17.969,15.536
876,19.03,20.353
877,18.317,18.442
878,18.479,16.162
879,19.062,18.895
880,19.279,18.328
881,18.836,19.354
882,18.254,17.752
883,16.988,20.743
884,16.318,19.219
885,17.088,18.168
886,20.061,18.651
887,20.236,21.016
888,18.939,22.007
889,19.086,17.685
890,16.693,20.015
891,15.972,18.059
892,18.678,17.716
893,19.045,20.053
894,15.973,14.837
895,19.15,14.803
896,19.357,15.187
897,19.195,15.436
898,18.025,18.075
899,18.937,15.992
900,19.78,20.084
901,17.215,14.61
902,18.723,18.848
903,17.921,15.947
904,16.813,14.445
905,17.886,16.133
906,18.538,16.187
907,19.323,17.434
908,19.072,16.612
909,16.813,16.616
910,20.655,15.78
911,19.018,16.8
912,17.879,17.599
913,18.561,16.284
914,18.186,20.697
915,18.489,19.729
916,15.981,20.865
917,16.415,19.968
918,18.995,18.478
919,17.938,19.528
920,17.235,22.642
921,17.434,19.711
922,17.844,19.12
923,18.003,18.219
924,15.83,21.41
925,16.778,19.478
926,18.146,19.255
927,19.103,19.111
928,16.784,19.679
929,16.133,19.618
930,17.988,20.275
931,17.888,18.52
932,17.694,21.243
933,17.628,20.898
934,17.954,22.597
935,16.717,20.484
936,16.913,19.534
937,17.839,20.113
938,18.992,20.966
939,19.186,24.966
940,18.125,19.564
941,17.862,20.67
942,19.004,16.349
943,18.487,20.526
944,18.655,19.022
945,16.789,20.163
946,21.858,18.06
947,17.093,18.475
948,17.288,18.615
949,16.354,19.752
950,17.585,19.625
951,21.351,18.506
952,17.882,21.208
953,15.799,23.964
954,21.435,21.816
955,16.499,18.971
956,17.827,20.215
957,17.47,19.269
958,18.712,20.159
959,18.208,20.307
960,21.921,17.884
961,18.885,19.753
962,18.451,20.159
963,17.629,18.004
964,18.811,18.255
965,19.573,19.555
966,20.249,17.154
967,17.965,21.347
968,18.935,19.805
969,16.735,20.991
970,17.747,16.525
971,20.683,21.49
972,17.017,20.298
973,19.067,19.43
974,17.441,17.682
975,18.745,22.641
976,18.094,20.567
977,19.679,19.718
978,19.236,22.471
979,16.595,20.686
980,20.263,19.774
981,18.799,19.798
982,18.392,17.746
983,20.308,16.627
984,16.704,19.527
985,16.849,20.403
986,17.388,18.699
987,16.809,17.501
988,17.671,17.563
989,18.73,20.457
990,18.116,19.111
991,19.139,19.172
992,16.761,17.925
993,18.848,20.825
994,18.27,22.169
995,17.798,18.994
996,17.771,20.945
997,18.654,21.09
998,16.062,19.889
999,17.365,19.103
1000,17.713,18.245
1001,18.805,18.188
1002,17.87,21.766
1003,16.427,17.197
1004,15.874,19.598
1005,16.026,18.314
1006,17.792,19.907
1007,17.662,12.827
1008,19.341,18.54
1009,18.431,18.559
1010,18.252,16.754
1011,19.908,17.915
1012,18.162,17.874
1013,19.115,21.775
1014,17.493,21.45
1015,17.283,21.632
1016,17.775,20.45
1017,19.808,20.026
1018,19.334,19.068
1019,17.852,18.777
1020,20.462,18.79
1021,20.114,18.303
1022,17.221,18.856
1023,19.566,16.474
1024,17.109,17.443
1025,19.354,20.817
1026,16.043,21.302
1027,18.295,19.224
1028,18.686,17.757
1029,19.506,20.887
1030,16.613,18.021
1031,21.707,15.739
1032,21.202,19.198
1033,18.975,16.182
1034,18.193,19.441
1035,16.336,16.985
1036,18.178,15.502
1037,18.202,14.592
1038,19.952,17.3
1039,19.045,16.407
1040,14.831,19.103
1041,17.406,18.367
1042,18.1,20.546
1043,18.131,17.178
1044,20.076,16.963
1045,19.81,16.709
1046,19.366,18.727
1047,20.059,20.429
1048,18.76,19.128
1049,18.339,18.425
1050,17.991,19.062
1051,19.282,18.339
1052,19.191,19.471
1053,19.222,20.819
1054,17.887,21.56
1055,16.745,19.038
1056,18.493,19.32
1057,16.004,19.619
1058,21.587,19.187
1059,21.335,18.58
1060,18.846,17.139
1061,21.553,20.431
1062,19.722,18.608
1063,20.38,18.769
1064,17.928,20.221
1065,18.679,18.876
1066,17.281,17.615
1067,18.481,17.595
1068,19.014,21.317
1069,19.676,16.242
1070,19.741,19.322
1071,17.87,19.941
1072,19.333,17.85
1073,18.684,19.721
1074,19.53,15.632
1075,19.966,20.833
1076,18.888,16.46
1077,18.394,16.224
1078,16.825,19
1079,18.556,18.242
1080,18.305,19.615
1081,19.398,17.159
1082,16.963,16.762
1083,18.009,21.342
1084,17.855,21.028
1085,18.121,18.026
1086,18.165,19.845
1087,18.824,20.689
1088,19.147,18.519
1089,21.716,19.485
1090,16.79,18.772
1091,18.822,20.028
1092,18.777,17.681
1093,18.974,16.766
1094,19.25,16.04
1095,18.77,16.287
1096,17.393,19.245
1097,19.203,19.525
1098,21.466,20.035
1099,19.794,18.919
1100,19.324,17.604
1101,16.31,18.685
1102,18.72,22.413
1103,18.628,18.096
1104,19.475,21.159
1105,17.889,19.074
1106,19.804,20.056
1107,16.008,17.948
1108,18.859,17.117
1109,20.327,19.586
1110,21.381,16.555
1111,16.372,19.838
1112,16.446,20.143
1113,17.998,15.76
1114,18.91,16.429
1115,16.948,18.366
1116,16.597,16.082
1117,19.127,13.166
1118,17.957,15.823
1119,21.457,16.006
1120,19.045,15.115
1121,17.977,16.98
1122,17.869,15.823
1123,18.818,16.539
1124,19.227,15.23
1125,16.144,16.332
1126,18.558,17.169
1127,19.593,17.338
1128,18.754,16.753
1129,18.017,18.983
1130,16.11,16.81
1131,17.932,18.514
1132,18.779,16.759
1133,18.471,17.446
1134,18.716,18.661
1135,17.921,18.4
1136,19.034,18.927
1137,18.505,21.275
1138,17.947,20.934
1139,20.231,19.11
1140,19.098,19.647
1141,18.694,20.572
1142,19.345,18.492
1143,15.736,20.726
1144,21.676,19.506
1145,19.392,19.555
1146,18.176,15.615
1147,18.434,17.192
1148,18.566,20.158
1149,18.485,20.063
1150,21.914,17.868
1151,14.523,16.391
1152,18.227,20.133
1153,17.599,18.927
1154,19.09,17.324
1155,18.292,17.976
1156,16.846,15.326
1157,16.451,19.133
1158,19.29,17.718
1159,19.769,16.923
1160,18.502,18.575
1161,18.518,17.591
1162,15.226,17.142
1163,19.739,18.06
1164,18.73,15.265
1165,19.947,17.816
1166,18.939,17.94
1167,20.495,15.931
1168,21.593,17.44
1169,21.451,17.31
1170,18.555,16.528
1171,18.09,17.035
1172,21.418,14.489
1173,16.296,16.977
1174,17.854,14.564
1175,21.497,11.873
1176,16.926,13.235
1177,20.118,18.463
1178,18.076,18.016
1179,19.75,18.942
1180,19.4,19.568
1181,19.332,17.336
1182,17.171,18.424
1183,18.534,16.845
1184,19.437,21.188
1185,19.267,16.714
1186,18.975,18.096
1187,17.306,19.457
1188,18.368,17.869
1189,15.934,20.382
1190,18.32,20.448
1191,17.707,18.932
1192,19.659,21.643
1193,19.432,19.095
1194,18.95,18.935
1195,20.545,16.534
1196,19.091,16.977
1197,16.717,18.804
1198,16.75,18.106
1199,20.238,17.947
1200,21.331,18.058
1201,21.578,20.213
1202,18.537,19.45
1203,16.577,17.601
1204,19.027,20.164
1205,19.928,19.381
1206,18.589,18.028
1207,18.808,18.839
1208,19.148,16.776
1209,18.49,17.697
1210,16.569,17.65
1211,20.167,18.134
1212,16.941,17.176
1213,17.266,15.902
1214,21.138,17.711
1215,17.585,14.307
1216,19.779,16.355
1217,19.643,17.188
1218,18.967,14.721
1219,15.008,16.112
1220,18.634,18.093
1221,20.028,17.974
1222,19.943,18.103
1223,19.366,18.509
1224,19.554,17.364
1225,19.317,16.923
1226,19.553,19.592
1227,19.023,17.243
1228,17.647,16.727
1229,18.414,20.669
1230,16.352,20.318
1231,17.101,18.971
1232,19.853,19.033
1233,19.829,19.434
1234,20.746,18.968
1235,17.96,19.192
1236,18.623,18.014
1237,14.954,19.376
1238,18.859,20.767
1239,17.429,18.909
1240,19.27,16.973
1241,19.517,17.741
1242,19.461,15.218
1243,17.658,13.757
1244,17.615,16.842
1245,19.782,17.319
1246,19.699,18.104
1247,18.855,16.987
1248,19.956,16.353
1249,22.37,19.062
1250,20.111,20.089
1251,19.765,20.404
1252,18.15,20.398
1253,19.984,16.727
1254,19.033,17.272
1255,19.547,21.885
1256,18.726,21.115
1257,19.448,20.196
1258,19.617,17.346
1259,19.157,17.969
1260,19.833,20.804
1261,19.676,20.994
1262,18.652,20.209
1263,18.363,21.832
1264,19.157,18.984
1265,19.404,19.055
1266,18.889,18.063
1267,18.943,20.258
1268,19.561,17.69
1269,20.118,17.234
1270,19.903,19.215
1271,19.813,15.105
1272,20.137,17.433
1273,18.238,15.632
1274,19.043,17.104
1275,19.779,18.074
1276,17.061,18.56
1277,17.231,17.604
1278,19.966,16.373
1279,17.818,19.015
1280,16.611,18.364
1281,18.566,16.217
1282,18.447,17.238
1283,19.13,19.113
1284,18.735,19.6
1285,16.286,18.868
1286,19.173,16.377
1287,19.793,18.939
1288,18.071,19.78
1289,19.795,19.667
1290,19.468,18.67
1291,16.924,20.853
1292,18.683,21.312
1293,17.324,17.515
1294,18.294,20.685
1295,17.479,21.502
1296,17.446,17.91
1297,19.405,19.83
1298,18.814,20.726
1299,19.286,19.325
1300,16.833,22.663
1301,17.089,19.148
1302,19.867,19.004
1303,18.745,18.951
1304,19.03,20.708
1305,22.207,19.851
1306,18.992,17.231
1307,19.006,17.262
1308,18.298,18.77
1309,19.355,17.576
1310,18.97,16.467
1311,18.439,15.053
1312,22.076,19.216
1313,18.848,18.039
1314,19.528,17.356
1315,20.827,20.575
1316,17.706,20.688
1317,18.661,23.37
1318,19.085,21.249
1319,19.069,22.127
1320,19.786,21.051
1321,17.996,19.768
1322,18.345,19.298
1323,18.463,21.429
1324,19.932,21.017
1325,19.407,19.701
1326,18.831,21.794
1327,19.679,18.84
1328,19.894,19.603
1329,17.811,19.244
1330,19.019,20.512
1331,17.282,21.773
1332,16.459,19.801
1333,18.701,21.368
1334,20.056,19.796
1335,18.174,20.844
1336,18.587,20.089
1337,18.794,21.162
1338,17.125,20.721
1339,19.915,21.372
1340,18.914,20.218
1341,19.2,19.455
1342,17.016,19.296
1343,19.999,20.376
1344,17.417,17.338
1345,19.161,21.251
1346,16.487,17.028
1347,19.496,19.014
1348,20.312,22.134
1349,18.35,17.971
1350,17.788,21.253
1351,18.522,19.199
1352,17.719,18.562
1353,22.064,20.635
1354,19.282,20.368
1355,17.944,20.909
1356,16.925,19.749
1357,19.812,20.832
1358,19.329,21.721
1359,17.317,20.151
1360,17.63,21.024
1361,18.542,20.156
1362,18.483,21.653
1363,18.572,19.667
1364,17.416,20.289
1365,19.619,21.018
1366,16.874,19.486
1367,17.217,20.855
1368,19.755,19.935
1369,19.375,21.538
1370,17.923,19.828
1371,17.862,19.714
1372,19.391,20.703
1373,21.613,19.523
1374,19.006,20.183
1375,18.992,19.547
1376,19.877,22.241
1377,19.914,17.771
1378,17.192,20.662
1379,18.359,19.046
1380,16.117,20.663
1381,19.518,19.405
1382,18.391,17.913
1383,17.763,18.359
1384,16.516,19.272
1385,19.219,20.439
1386,18.214,16.946
1387,17.821,17.557
1388,19.486,19.445
1389,19.911,17.267
1390,20.018,17.412
1391,19.592,18.137
1392,17.259,17.359
1393,17.124,21.84
1394,20.927,21.815
1395,17.738,16.969
1396,17.688,18.734
1397,19.691,21.66
1398,19.006,21.027
1399,19.48,18.345
1400,19.799,17.81
1401,19.486,17.267
1402,15.211,18.693
1403,19.965,19.737
1404,19.514,21.519
1405,22.164,20.463
1406,19.687,18.688
1407,19.403,21.467
1408,21.319,17.14
1409,19.076,19.494
1410,16.727,18.35
1411,18.947,17.599
1412,19.939,20.83
1413,17.446,20.252
1414,19.817,18.104
1415,18.499,20.761
1416,19.328,18.198
1417,18.197,17.719
1418,18.48,16.823
1419,18.765,18.338
1420,18.341,14.845
1421,18.458,15.937
1422,15.335,20.243
1423,19.266,20.578
1424,18.227,19.858
1425,18.467,19.289
1426,18.175,20.297
1427,17.058,17.009
1428,18.932,19.115
1429,18.205,20.276
1430,19.267,16.834
1431,18.526,21.415
1432,16.497,18.36
1433,19.059,17.979
1434,17.174,17.836
1435,15.903,18.986
1436,18.498,22.674
1437,17.766,21.708
1438,18.413,19.089
1439,19.444,24.23
1440,18.636,21.235
1441,19.089,17.657
1442,19.828,20.402
1443,19.468,17.547
1444,17.692,21.183
1445,17.223,21.157
1446,19.605,22.716
1447,19.266,20.642
1448,19.524,20.841
1449,19.763,19.041
1450,18.109,20.763
1451,16.744,18.83
1452,16.635,18.606
1453,18.17,17.829
1454,18.073,17.693
1455,17.927,20.062
1456,21.102,20.245
1457,19.264,18.818
1458,19.491,19.158
1459,17.613,17.716
1460,17.061,17.346
1461,16.886,17.52
1462,16.27,19.598
1463,17.667,20.218
1464,17.493,17.739
1465,17.643,19.46
1466,18.21,17.401
1467,19.304,16.798
1468,18.126,20.434
1469,16.47,17.297
1470,17.644,18.1
1471,17.836,20.058
1472,17.266,19.07
1473,18.394,18.221
1474,19.112,20.425
1475,18.597,16.988
1476,19.165,17.713
1477,19.959,18.235
1478,19.259,19.534
1479,18.585,21.995
1480,18.646,19.539
1481,16.223,18.316
1482,16.974,16.344
1483,19.207,19.571
1484,18.9,16.573
1485,16.955,18.688
1486,21.107,21.12
1487,16.153,18.842
1488,19.563,17.85
1489,17.158,17.056
1490,21.535,16
1491,18.619,18.769
1492,21.194,21.263
1493,18.584,20.478
1494,21.7,18.827
1495,18.751,19.739
1496,16.608,18.572
1497,20.51,17.747
1498,17.006,19.319
1499,19.221,17.433
1500,19.445,16.944
1501,17.291,19.74
1502,16.193,17.763
1503,18.365,17.729
1504,18.445,18.455
1505,21.437,21.05
1506,21.083,20.959
1507,18.295,20.922
1508,14.487,20.701
1509,19.34,20.186
1510,17.954,19.34
1511,17.879,19.291
1512,16.465,17.014
1513,17.538,19.094
1514,16.518,19.438
1515,21.45,17.727
1516,17.279,20.573
1517,20.486,20.123
1518,18.41,20.003
1519,19.444,17.406
1520,18.587,21.807
1521,17.28,18.637
1522,17.251,18.445
1523,20.499,20.124
1524,18.203,20.264
1525,17.093,19.423
1526,18.596,20.121
1527,18.136,19.173
1528,17.573,18.674
1529,19.055,20.741
1530,17.761,21.021
1531,19.922,19.687
1532,18.465,19.042
1533,20.103,21.762
1534,18.889,19.167
1535,17.2,21.301
1536,19.042,21.166
1537,20.155,17.775
1538,18.386,20.278
1539,19.501,20.97
1540,18.663,21.113
1541,17.926,18.39
1542,20.703,19.89
1543,17.488,19.312
1544,19.04,20.589
1545,17.258,19.084
1546,17.433,18.88
1547,18.474,22.991
1548,19.205,23.343
1549,20.874,19.044
1550,19.452,19.084
1551,15.002,20.777
1552,17.733,21.099
1553,17.983,20.577
1554,20.237,21.16
1555,18.112,20.34
1556,20.573,20.814
1557,17.096,20.846
1558,17.341,20.911
1559,20.183,20.018
1560,16.706,19.762
1561,20.967,17.595
1562,18.286,20.758
1563,18.6,19.691
1564,15.87,20.372
1565,16.806,19.71
1566,18.449,16.395
1567,17.96,16.989
1568,18.027,15.231
1569,20.47,16.522
1570,17.356,18.213
1571,20.752,19.091
1572,21.311,15.485
1573,18.815,15.605
1574,21.868,17.136
1575,17.286,17.628
1576,18.65,15.743
1577,21.217,17.264
1578,20.172,18.595
1579,22.395,19.091
1580,20.379,18.293
1581,18.413,18.81
1582,20.086,18.527
1583,19.332,19.242
1584,20.153,17.972
1585,20.153,19.796
1586,20.153,21.094
1587,20.153,20.69
1588,20.153,18.183
1589,20.153,18.981
1590,20.153,19.104
1591,20.153,18.192
1592,20.153,17.584
1593,20.153,19.092
1594,20.153,22.081
1595,20.153,20.094
1596,20.153,18.693
1597,20.153,18.75
1598,20.153,19.956
1599,20.153,17.591
1600,20.153,18.567
1601,20.153,17.965
1602,20.153,20.563
1603,20.153,19.441
1604,20.153,16.747
1605,20.153,18.713
1606,20.153,14.489
1607,20.153,16.891
1608,20.153,15.344
1609,20.153,17.514
1610,20.153,16.641
1611,20.153,15.261
1612,20.153,19.513
1613,20.153,21.073
1614,20.153,21.162
1615,20.153,16.917
1616,20.153,18.669
1617,20.153,19.099
1618,20.153,19.325
1619,20.153,19.19
1620,20.153,18.361
1621,20.153,20.313
1622,20.153,19.742
1623,20.153,16.224
1624,20.153,20.19
1625,20.153,21.684
1626,20.153,21.366
1627,20.153,18.179
1628,20.153,20.677
1629,20.153,18.647
1630,20.153,22.013
1631,20.153,16.962
1632,20.153,19.334
1633,20.153,19.339
1634,20.153,18.725
1635,20.153,19.325
1636,20.153,20.527
1637,20.153,19.636
1638,20.153,20.798
1639,20.153,19.595
1640,20.153,18.088
1641,20.153,18.314
1642,20.153,18.023
1643,20.153,20.531
1644,20.153,17.768
1645,20.153,19.521
1646,20.153,17.528
1647,20.153,18.222
1648,20.153,19.424
1649,20.153,18.278
1650,20.153,16.947
1651,20.153,16.537
1652,20.153,19.223
1653,20.153,16.067
1654,20.153,17.265
1655,20.153,18.345
1656,20.153,17.915
1657,20.153,18.412
1658,20.153,16.169
1659,20.153,17.385
1660,20.153,17.025
1661,20.153,17.748
1662,20.153,16.468
1663,20.153,19.504
1664,20.153,17.297
1665,20.153,18.397
1666,20.153,19.096
1667,20.153,18.803
1668,20.153,19.074
1669,20.153,17.651
1670,20.153,15.561
1671,20.153,19.218
1672,20.153,18.598
1673,20.153,16.313
1674,20.153,17.135
1675,20.153,16.209
1676,20.153,18.865
1677,20.153,17.296
1678,20.153,16.939
1679,20.153,20.621
1680,20.153,20.807
1681,20.153,19.02
1682,20.153,18.822
1683,20.153,22.466
1684,20.153,19.572
1685,20.153,19.413
1686,20.153,19.021
1687,20.153,19.717
1688,20.153,17.551
1689,20.153,19.279
1690,20.153,18.403
1691,20.153,17.881
1692,20.153,19.764
1693,20.153,17.805
1694,20.153,17.504
1695,20.153,17.333
1696,20.153,19.644
1697,20.153,17.167
1698,20.153,16.283
1699,20.153,17.806
1700,20.153,18.087
1701,20.153,19.716
1702,20.153,18.832
1703,20.153,20.306
1704,20.153,20.308
1705,20.153,20.002
1706,20.153,18.899
1707,20.153,20.889
1708,20.153,20.016
1709,20.153,18.569
1710,20.153,17.911
1711,20.153,20.571
1712,20.153,17.611
1713,20.153,17.221
1714,20.153,18.304
1715,20.153,17.015
1716,20.153,17.456
1717,20.153,18.221
1718,20.153,19.333
1719,20.153,20.094
1720,20.153,17.549
1721,20.153,17.14
1722,20.153,19.108
1723,20.153,20.034
1724,20.153,17.363
1725,20.153,17.743
1726,20.153,18.023
1727,20.153,18.497
1728,17.26,19.034
1729,17.26,16.579
1730,17.26,16.8
1731,17.26,18.276
1732,17.26,18.538
1733,17.26,17.125
1734,17.26,18.924
1735,17.26,18.973
1736,17.26,20.859
1737,17.26,17.898
1738,17.26,18.569
1739,17.26,19.759
1740,17.26,17.806
1741,17.26,20.65
1742,17.26,19.055
1743,17.26,18.023
1744,17.26,18.519
1745,17.26,18.922
1746,17.26,17.257
1747,17.26,18.576
1748,17.26,16.287
1749,17.26,16.47
1750,17.26,19.154
1751,17.26,19.548
1752,17.26,18.593
1753,17.26,21.18
1754,17.26,18.556
1755,17.26,18.337
1756,17.26,18.741
1757,17.26,20.724
1758,17.26,18.295
1759,17.26,21.353
1760,17.26,21.694
1761,17.26,21.498
1762,17.26,18.383
1763,17.26,19.369
1764,17.26,19.522
1765,17.26,19.787
1766,17.26,20.259
1767,17.26,18.621
1768,17.26,17.582
1769,17.26,19.563
1770,17.26,19.478
1771,17.26,21.775
1772,17.26,18.746
1773,17.26,18.388
1774,17.26,18.459
1775,17.26,18.402
1776,17.26,19.996
1777,17.26,17.218
1778,17.26,16.86
1779,17.26,17.529
1780,17.26,18.632
1781,17.26,19.132
1782,17.26,18.298
1783,17.26,21.118
1784,17.26,18.92
1785,17.26,18.676
1786,17.26,21.794
1787,17.26,22.487
1788,17.26,18.849
1789,17.26,21.04
1790,17.26,17.654
1791,17.26,21.193
1792,17.26,20.128
1793,17.26,18.828
1794,17.26,18.401
1795,17.26,18.857
1796,17.26,17.985
1797,17.26,19.706
1798,17.26,18.553
1799,17.26,19.952
1800,17.26,21.774
1801,17.26,17.278
1802,17.26,17.088
1803,17.26,18.392
1804,17.26,21.245
1805,17.26,19.065
1806,17.26,18.973
1807,17.26,19.094
1808,17.26,16.62
1809,17.26,18.239
1810,17.26,20.477
1811,17.26,15.849
1812,17.26,16.37
1813,17.26,18.901
1814,17.26,18.345
1815,17.26,20.432
1816,17.26,20.652
1817,17.26,22.418
1818,17.26,22.761
1819,17.26,20.564
1820,17.26,19.435
1821,17.26,22.004
1822,17.26,19.482
1823,17.26,19.577
1824,17.26,18.431
1825,17.26,16.326
1826,17.26,20.05
1827,17.26,17.957
1828,17.26,17.49
1829,17.26,19.225
1830,17.26,22.171
1831,17.26,19.123
1832,17.26,19.681
1833,17.26,21.279
1834,17.26,21.356
1835,17.26,19.43
1836,17.26,21.195
1837,17.26,18.788
1838,17.26,17.399
1839,17.26,20.553
1840,17.26,20.501
1841,17.26,17.149
1842,17.26,19.495
1843,17.26,20.741
1844,17.26,21.917
1845,17.26,19.094
1846,17.26,17.256
1847,17.26,20.794
1848,17.26,21.033
1849,17.26,18.055
1850,17.26,19.781
1851,17.26,20.612
1852,17.26,18.601
1853,17.26,17.661
1854,17.26,17.046
1855,17.26,19.998
1856,17.26,19.161
1857,17.26,20.281
1858,17.26,19.811
1859,17.26,19.744
1860,17.26,20.333
1861,17.26,16.724
1862,17.26,16.693
1863,17.26,18.269
1864,17.26,17.889
1865,17.26,20.18
1866,17.26,21.174
1867,17.26,22.092
1868,17.26,19.66
1869,17.26,17.411
1870,17.26,19.293
1871,17.26,21.081
1872,18.159,19.513
1873,18.159,20.717
1874,18.159,19.622
1875,18.159,18.225
1876,18.159,18.02
1877,18.159,18.432
1878,18.159,14.829
1879,18.159,19.552
1880,18.159,16.229
1881,18.159,16.811
1882,18.159,17.005
1883,18.159,17.303
1884,18.159,17.159
1885,18.159,17.417
1886,18.159,17.866
1887,18.159,16.866
1888,18.159,19.666
1889,18.159,20.509
1890,18.159,19.595
1891,18.159,17.514
1892,18.159,17.953
1893,18.159,19.434
1894,18.159,22.716
1895,18.159,17.56
1896,18.159,18.056
1897,18.159,19.638
1898,18.159,19.293
1899,18.159,18.393
1900,18.159,19.224
1901,18.159,18.353
1902,18.159,20.504
1903,18.159,18.5
1904,18.159,18.914
1905,18.159,20.036
1906,18.159,18.973
1907,18.159,19.02
1908,18.159,22.6
1909,18.159,18.918
1910,18.159,21.891
1911,18.159,17.952
1912,18.159,17.457
1913,18.159,19.082
1914,18.159,21.354
1915,18.159,17.303
1916,18.159,17.925
1917,18.159,17.469
1918,18.159,17.657
1919,18.159,16.57
1920,18.159,18.548
1921,18.159,18.081
1922,18.159,14.098
1923,18.159,17.309
1924,18.159,17.666
1925,18.159,17.91
1926,18.159,17.032
1927,18.159,20.592
1928,18.159,19.34
1929,18.159,15.306
1930,18.159,18.736
1931,18.159,18.555
1932,18.159,20.789
1933,18.159,18.726
1934,18.159,19.132
1935,18.159,21.211
1936,18.159,17.372
1937,18.159,21.365
1938,18.159,21.476
1939,18.159,20.844
1940,18.159,19.223
1941,18.159,19.419
1942,18.159,20.562
1943,18.159,19.695
1944,18.159,22.173
1945,18.159,18.834
1946,18.159,20.912
1947,18.159,17.804
1948,18.159,18.145
1949,18.159,19.349
1950,18.159,18.258
1951,18.159,16.648
1952,18.159,19.587
1953,18.159,16.701
1954,18.159,18.692
1955,18.159,17.703
1956,18.159,16.64
1957,18.159,18.479
1958,18.159,18.462
1959,18.159,19.455
1960,18.159,17.269
1961,18.159,19.557
1962,18.159,19.683
1963,18.159,20.325
1964,18.159,19.476
1965,18.159,19.102
1966,18.159,21.857
1967,18.159,19.598
1968,18.159,17.288
1969,18.159,18.954
1970,18.159,20.901
1971,18.159,18.642
1972,18.159,19.712
1973,18.159,19.407
1974,18.159,21.112
1975,18.159,19.332
1976,18.159,19.632
1977,18.159,18.623
1978,18.159,17.618
1979,18.159,17.632
1980,18.159,17.369
1981,18.159,18.68
1982,18.159,16.769
1983,18.159,16.827
1984,18.159,18.71
1985,18.159,19.175
1986,18.159,19.308
1987,18.159,21.392
1988,18.159,18.339
1989,18.159,18.946
1990,18.159,16.716
1991,18.159,16.247
1992,18.159,20.022
1993,18.159,16.061
1994,18.159,18.043
1995,18.159,19.351
1996,18.159,20.68
1997,18.159,19.137
1998,18.159,17.053
1999,18.159,17.987
2000,18.159,18.869
2001,18.159,17.637
2002,18.159,14.412
2003,18.159,17.395
2004,18.159,16.44
2005,18.159,19.113
2006,18.159,17.389
2007,18.159,19.788
2008,18.159,21.141
2009,18.159,19.898
2010,18.159,18.339
2011,18.159,20.299
2012,18.159,18.541
2013,18.159,17.55
2014,18.159,17.031
2015,18.159,20.926
2016,20.898,19.496
2017,18.691,17.859
2018,19.785,17.415
2019,18.483,19.528
2020,19.251,18.271
2021,18.142,18.188
2022,19.158,18.734
2023,18.655,19.857
2024,20.365,19.301
2025,18.034,18.512
2026,20.606,18.446
2027,16.527,19.826
2028,18.515,18.348
2029,17.499,18.35
2030,19.389,18.714
2031,16.537,19.452
2032,19.918,19.362
2033,18.599,17.54
2034,20.714,19.814
2035,18.323,17.398
2036,18.143,19.317
2037,18.765,19.422
2038,20.883,17.159
2039,18.231,16.859
2040,21.031,20.9
2041,17.657,19.635
2042,19.23,18.568
2043,20.837,20.301
2044,21.045,19.034
2045,18.329,20.355
2046,18.706,19.248
2047,20.395,21.31
2048,19.288,19.456
2049,17.407,19.877
2050,19.047,21.905
2051,20.715,21.642
2052,19.322,16.776
2053,18.078,17.328
2054,19.71,19.699
2055,16.566,18.804
2056,17.675,17.89
2057,20.423,20.245
2058,17.435,19.056
2059,17.198,16.782
2060,19.261,18.147
2061,17.788,19.348
2062,19.359,20.008
2063,18.495,19.272
2064,19.042,19.815
2065,15.6,18.459
2066,20.893,21.148
2067,18.801,18.517
2068,18.222,17.321
2069,18.938,18.626
2070,19.3,20.946
2071,19.636,20.283
2072,16.371,18.136
2073,18.703,17.221
2074,21.428,18.068
2075,20.602,19.135
2076,21.849,19.171
2077,20.574,18.917
2078,21.938,19.797
2079,19.044,19.692
2080,16.351,19.112
2081,18.628,18.176
2082,20.167,17.477
2083,17.958,19.518
2084,17.742,17.632
2085,21.868,19.862
2086,17.787,20.009
2087,19.613,18.37
2088,21.317,19.352
2089,20.973,20.507
2090,18.688,19.493
2091,19.009,19.894
2092,19.892,19.733
2093,19.651,17.961
2094,19.103,18.393
2095,18.18,17.915
2096,19.635,20.567
2097,17.323,19.822
2098,19.167,20.589
2099,19.755,23.349
2100,19.29,17.994
2101,17.875,18.833
2102,20.23,20.607
2103,19.853,18.234
2104,18.567,20.934
2105,18.004,21.844
2106,20.501,19.655
2107,19.924,19.218
2108,20.438,18.529
2109,19.636,22.879
2110,17.426,17.868
2111,19.392,18.701
2112,21.589,20.178
2113,19.245,18.549
2114,19.463,21.443
2115,19.902,19.477
2116,21.254,20.239
2117,21.332,18.773
2118,21.605,18.682
2119,19.542,18.085
2120,22.083,20.433
2121,18.194,23.357
2122,18.394,18.93
2123,17.284,19.894
2124,19.329,20.286
2125,18.418,19.176
2126,18.267,19.226
2127,19.146,20.89
2128,18.807,18.709
2129,19.374,19.152
2130,19.171,19.051
2131,19.606,20.465
2132,17.473,19.348
2133,17.142,21.907
2134,22.189,22.024
2135,19.061,21.311
2136,18.562,20.205
2137,16.931,20.031
2138,19.564,17.352
2139,19.351,18.202
2140,20.598,20
2141,19.985,18.483
2142,19.945,19.052
2143,21.467,18.464
2144,21.909,19.716
2145,19.063,21.781
2146,19.96,18.748
2147,20.751,20.049
2148,19.829,22.667
2149,16.508,20.198
2150,22.257,19.386
2151,18.616,20.342
2152,20.279,17.554
2153,15.435,19.53
2154,19.773,16.638
2155,20.202,17.637
2156,18.994,19.757
2157,22.522,16.188
2158,22.299,18.209
2159,18.359,18.629
